origin_id,destination_id,entry_cost,network_cost,exit_cost,total_cost
Corrientes,Corrientes,,0.0000000,,
Corrientes,Bella Vista,3607.4880025,184321.0710254,8490.0211710,196418.5801989
Corrientes,Beron de Astrada,3607.4880025,177627.4737669,6694.4310392,187929.3928085
Corrientes,Concepcion,3607.4880025,136623.2136269,9553.1054012,149783.8070305
Corrientes,Curuzu Cuatia,3607.4880025,397235.9848199,13134.4821343,413977.9549567
Corrientes,Empedrado,3607.4880025,75757.8064807,5189.5280649,84554.8225480
Corrientes,Esquina,3607.4880025,485999.7371250,4122.7988759,493730.0240034
Corrientes,Alvear,3607.4880025,485999.7371250,4122.7988759,493730.0240034
Corrientes,Caa Cati,3607.4880025,140547.3427731,6265.1766681,150420.0074436
Corrientes,Goya,3607.4880025,256420.8661194,1494.5167008,261522.8708226
Corrientes,Itati,3607.4880025,82785.8176768,4826.3952866,91219.7009659
Corrientes,Ituzaingo,3607.4880025,82785.8176768,4826.3952866,91219.7009659
Corrientes,Lavalle,3607.4880025,239251.0356640,9643.6855100,252502.2091764
Corrientes,Mburucuya,3607.4880025,92157.5767838,3276.0963088,99041.1610950
Corrientes,Mercedes,3607.4880025,354499.8489638,4359.9544151,362467.2913814
Corrientes,Monte Caseros,3607.4880025,446422.9565064,9357.5312068,459387.9757157
Corrientes,Paso de los Libres,3607.4880025,446422.9565064,9357.5312068,459387.9757157
Corrientes,Saladas,3607.4880025,116791.4794029,9751.5790731,130150.5464785
Corrientes,San Cosme,3607.4880025,52627.3544006,5927.5364229,62162.3788259
Corrientes,San Luis del Palmar,3607.4880025,47361.1648327,10274.9393743,61243.5922095
Corrientes,La Cruz,3607.4880025,47361.1648327,10274.9393743,61243.5922095
Corrientes,San Miguel,3607.4880025,153845.4444236,11536.2405531,168989.1729791
Corrientes,San Roque,3607.4880025,196900.9371404,1050.3210138,201558.7461566
Corrientes,Santo Tome,3607.4880025,196900.9371404,1050.3210138,201558.7461566
Corrientes,Sauce,3607.4880025,391910.1618937,3541.5156726,399059.1655688
Bella Vista,Corrientes,8490.0211710,184321.0710254,3607.4880025,196418.5801989
Bella Vista,Bella Vista,8490.0211710,0.0000000,3607.4880025,196418.5801989
Bella Vista,Beron de Astrada,8490.0211710,218765.1679361,6694.4310392,233949.6201463
Bella Vista,Concepcion,8490.0211710,151971.4917278,9553.1054012,170014.6183000
Bella Vista,Curuzu Cuatia,8490.0211710,246440.8709516,13134.4821343,268065.3742569
Bella Vista,Empedrado,8490.0211710,150628.5232025,5189.5280649,164308.0724383
Bella Vista,Esquina,8490.0211710,335204.6232567,4122.7988759,347817.4433036
Bella Vista,Alvear,8490.0211710,335204.6232567,4122.7988759,347817.4433036
Bella Vista,Caa Cati,8490.0211710,181685.0369423,6265.1766681,196440.2347814
Bella Vista,Goya,8490.0211710,72099.7950940,1494.5167008,82084.3329658
Bella Vista,Itati,8490.0211710,228658.1594741,4826.3952866,241974.5759317
Bella Vista,Ituzaingo,8490.0211710,228658.1594741,4826.3952866,241974.5759317
Bella Vista,Lavalle,8490.0211710,54929.9646386,9643.6855100,73063.6713196
Bella Vista,Mburucuya,8490.0211710,107505.8548847,3276.0963088,119271.9723645
Bella Vista,Mercedes,8490.0211710,203704.7350954,4359.9544151,216554.7106816
Bella Vista,Monte Caseros,8490.0211710,295627.8426381,9357.5312068,313475.3950159
Bella Vista,Paso de los Libres,8490.0211710,295627.8426381,9357.5312068,313475.3950159
Bella Vista,Saladas,8490.0211710,67529.5916225,9751.5790731,85771.1918666
Bella Vista,San Cosme,8490.0211710,198499.6961978,5927.5364229,212917.2537917
Bella Vista,San Luis del Palmar,8490.0211710,173169.8612787,10274.9393743,191934.8218240
Bella Vista,La Cruz,8490.0211710,173169.8612787,10274.9393743,191934.8218240
Bella Vista,San Miguel,8490.0211710,194983.1385929,11536.2405531,215009.4003169
Bella Vista,San Roque,8490.0211710,46105.8232720,1050.3210138,55646.1654568
Bella Vista,Santo Tome,8490.0211710,46105.8232720,1050.3210138,55646.1654568
Bella Vista,Sauce,8490.0211710,241115.0480254,3541.5156726,253146.5848690
Beron de Astrada,Corrientes,6694.4310392,177627.4737669,3607.4880025,187929.3928085
Beron de Astrada,Bella Vista,6694.4310392,218765.1679361,8490.0211710,233949.6201463
Beron de Astrada,Beron de Astrada,6694.4310392,0.0000000,8490.0211710,233949.6201463
Beron de Astrada,Concepcion,6694.4310392,149319.8169009,9553.1054012,165567.3533413
Beron de Astrada,Curuzu Cuatia,6694.4310392,431680.0817307,13134.4821343,451508.9949041
Beron de Astrada,Empedrado,6694.4310392,177243.3234515,5189.5280649,189127.2825555
Beron de Astrada,Esquina,6694.4310392,520443.8340358,4122.7988759,531261.0639508
Beron de Astrada,Alvear,6694.4310392,520443.8340358,4122.7988759,531261.0639508
Beron de Astrada,Caa Cati,6694.4310392,37080.1309938,6265.1766681,50039.7387011
Beron de Astrada,Goya,6694.4310392,290864.9630301,1494.5167008,299053.9107701
Beron de Astrada,Itati,6694.4310392,192904.0243058,4826.3952866,204424.8506316
Beron de Astrada,Ituzaingo,6694.4310392,192904.0243058,4826.3952866,204424.8506316
Beron de Astrada,Lavalle,6694.4310392,273695.1325747,9643.6855100,290033.2491239
Beron de Astrada,Mburucuya,6694.4310392,111259.3130515,3276.0963088,121229.8403995
Beron de Astrada,Mercedes,6694.4310392,388943.9458745,4359.9544151,399998.3313288
Beron de Astrada,Monte Caseros,6694.4310392,480867.0534172,9357.5312068,496919.0156632
Beron de Astrada,Paso de los Libres,6694.4310392,480867.0534172,9357.5312068,496919.0156632
Beron de Astrada,Saladas,6694.4310392,151235.5763137,9751.5790731,167681.5864259
Beron de Astrada,San Cosme,6694.4310392,162745.5610295,5927.5364229,175367.5284916
Beron de Astrada,San Luis del Palmar,6694.4310392,130266.3089342,10274.9393743,147235.6793476
Beron de Astrada,La Cruz,6694.4310392,130266.3089342,10274.9393743,147235.6793476
Beron de Astrada,San Miguel,6694.4310392,50378.2326444,11536.2405531,68608.9042366
Beron de Astrada,San Roque,6694.4310392,231345.0340511,1050.3210138,239089.7861040
Beron de Astrada,Santo Tome,6694.4310392,231345.0340511,1050.3210138,239089.7861040
Beron de Astrada,Sauce,6694.4310392,426354.2588045,3541.5156726,436590.2055162
Concepcion,Corrientes,9553.1054012,136623.2136269,3607.4880025,149783.8070305
Concepcion,Bella Vista,9553.1054012,151971.4917278,8490.0211710,170014.6183000
Concepcion,Beron de Astrada,9553.1054012,149319.8169009,6694.4310392,165567.3533413
Concepcion,Concepcion,9553.1054012,0.0000000,6694.4310392,165567.3533413
Concepcion,Curuzu Cuatia,9553.1054012,364886.4055223,13134.4821343,387573.9930577
Concepcion,Empedrado,9553.1054012,110449.6472431,5189.5280649,125192.2807092
Concepcion,Esquina,9553.1054012,453650.1578274,4122.7988759,467326.0621045
Concepcion,Alvear,9553.1054012,453650.1578274,4122.7988759,467326.0621045
Concepcion,Caa Cati,9553.1054012,112239.6859071,6265.1766681,128057.9679763
Concepcion,Goya,9553.1054012,224071.2868218,1494.5167008,235118.9089237
Concepcion,Itati,9553.1054012,175308.3041222,4826.3952866,189687.8048099
Concepcion,Ituzaingo,9553.1054012,175308.3041222,4826.3952866,189687.8048099
Concepcion,Lavalle,9553.1054012,206901.4563663,9643.6855100,226098.2472775
Concepcion,Mburucuya,9553.1054012,44465.6368431,3276.0963088,57294.8385531
Concepcion,Mercedes,9553.1054012,322150.2696661,4359.9544151,336063.3294825
Concepcion,Monte Caseros,9553.1054012,414073.3772088,9357.5312068,432984.0138168
Concepcion,Paso de los Libres,9553.1054012,414073.3772088,9357.5312068,432984.0138168
Concepcion,Saladas,9553.1054012,84441.9001053,9751.5790731,103746.5845796
Concepcion,San Cosme,9553.1054012,145149.8408459,5927.5364229,160630.4826700
Concepcion,San Luis del Palmar,9553.1054012,112670.5887505,10274.9393743,132498.6335260
Concepcion,La Cruz,9553.1054012,112670.5887505,10274.9393743,132498.6335260
Concepcion,San Miguel,9553.1054012,125537.7875576,11536.2405531,146627.1335119
Concepcion,San Roque,9553.1054012,164551.3578427,1050.3210138,175154.7842577
Concepcion,Santo Tome,9553.1054012,164551.3578427,1050.3210138,175154.7842577
Concepcion,Sauce,9553.1054012,359560.5825961,3541.5156726,372655.2036699
Curuzu Cuatia,Corrientes,13134.4821343,397235.9848199,3607.4880025,413977.9549567
Curuzu Cuatia,Bella Vista,13134.4821343,246440.8709516,8490.0211710,268065.3742569
Curuzu Cuatia,Beron de Astrada,13134.4821343,431680.0817307,6694.4310392,451508.9949041
Curuzu Cuatia,Concepcion,13134.4821343,364886.4055223,9553.1054012,387573.9930577
Curuzu Cuatia,Curuzu Cuatia,13134.4821343,0.0000000,9553.1054012,387573.9930577
Curuzu Cuatia,Empedrado,13134.4821343,363543.4369970,5189.5280649,381867.4471961
Curuzu Cuatia,Esquina,13134.4821343,161971.3164111,4122.7988759,179228.5974213
Curuzu Cuatia,Alvear,13134.4821343,161971.3164111,4122.7988759,179228.5974213
Curuzu Cuatia,Caa Cati,13134.4821343,394599.9507368,6265.1766681,413999.6095392
Curuzu Cuatia,Goya,13134.4821343,318540.6660456,1494.5167008,333169.6648806
Curuzu Cuatia,Itati,13134.4821343,441573.0732686,4826.3952866,459533.9506895
Curuzu Cuatia,Ituzaingo,13134.4821343,441573.0732686,4826.3952866,459533.9506895
Curuzu Cuatia,Lavalle,13134.4821343,301370.8355901,9643.6855100,324149.0032344
Curuzu Cuatia,Mburucuya,13134.4821343,320420.7686792,3276.0963088,336831.3471223
Curuzu Cuatia,Mercedes,13134.4821343,162314.0465578,4359.9544151,179808.4831072
Curuzu Cuatia,Monte Caseros,13134.4821343,59699.6601158,9357.5312068,82191.6734568
Curuzu Cuatia,Paso de los Libres,13134.4821343,59699.6601158,9357.5312068,82191.6734568
Curuzu Cuatia,Saladas,13134.4821343,280444.5054170,9751.5790731,303330.5666243
Curuzu Cuatia,San Cosme,13134.4821343,411414.6099923,5927.5364229,430476.6285495
Curuzu Cuatia,San Luis del Palmar,13134.4821343,386084.7750732,10274.9393743,409494.1965817
Curuzu Cuatia,La Cruz,13134.4821343,386084.7750732,10274.9393743,409494.1965817
Curuzu Cuatia,San Miguel,13134.4821343,407898.0523874,11536.2405531,432568.7750747
Curuzu Cuatia,San Roque,13134.4821343,200335.0476796,1050.3210138,214519.8508276
Curuzu Cuatia,Santo Tome,13134.4821343,200335.0476796,1050.3210138,214519.8508276
Curuzu Cuatia,Sauce,13134.4821343,67881.7411798,3541.5156726,84557.7389866
Empedrado,Corrientes,5189.5280649,75757.8064807,3607.4880025,84554.8225480
Empedrado,Bella Vista,5189.5280649,150628.5232025,8490.0211710,164308.0724383
Empedrado,Beron de Astrada,5189.5280649,177243.3234515,6694.4310392,189127.2825555
Empedrado,Concepcion,5189.5280649,110449.6472431,9553.1054012,125192.2807092
Empedrado,Curuzu Cuatia,5189.5280649,363543.4369970,13134.4821343,381867.4471961
Empedrado,Empedrado,5189.5280649,0.0000000,13134.4821343,381867.4471961
Empedrado,Esquina,5189.5280649,452307.1893021,4122.7988759,461619.5162428
Empedrado,Alvear,5189.5280649,452307.1893021,4122.7988759,461619.5162428
Empedrado,Caa Cati,5189.5280649,140163.1924577,6265.1766681,151617.8971906
Empedrado,Goya,5189.5280649,222728.3182964,1494.5167008,229412.3630621
Empedrado,Itati,5189.5280649,120094.8949294,4826.3952866,130110.8182808
Empedrado,Ituzaingo,5189.5280649,120094.8949294,4826.3952866,130110.8182808
Empedrado,Lavalle,5189.5280649,205558.4878410,9643.6855100,220391.7014159
Empedrado,Mburucuya,5189.5280649,65984.0104000,3276.0963088,74449.6347737
Empedrado,Mercedes,5189.5280649,320807.3011408,4359.9544151,330356.7836208
Empedrado,Monte Caseros,5189.5280649,412730.4086835,9357.5312068,427277.4679552
Empedrado,Paso de los Libres,5189.5280649,412730.4086835,9357.5312068,427277.4679552
Empedrado,Saladas,5189.5280649,83098.9315800,9751.5790731,98040.0387179
Empedrado,San Cosme,5189.5280649,89936.4316531,5927.5364229,101053.4961408
Empedrado,San Luis del Palmar,5189.5280649,64606.5967339,10274.9393743,80071.0641731
Empedrado,La Cruz,5189.5280649,64606.5967339,10274.9393743,80071.0641731
Empedrado,San Miguel,5189.5280649,153461.2941082,11536.2405531,170187.0627261
Empedrado,San Roque,5189.5280649,163208.3893174,1050.3210138,169448.2383960
Empedrado,Santo Tome,5189.5280649,163208.3893174,1050.3210138,169448.2383960
Empedrado,Sauce,5189.5280649,358217.6140708,3541.5156726,366948.6578082
Esquina,Corrientes,4122.7988759,485999.7371250,3607.4880025,493730.0240034
Esquina,Bella Vista,4122.7988759,335204.6232567,8490.0211710,347817.4433036
Esquina,Beron de Astrada,4122.7988759,520443.8340358,6694.4310392,531261.0639508
Esquina,Concepcion,4122.7988759,453650.1578274,9553.1054012,467326.0621045
Esquina,Curuzu Cuatia,4122.7988759,161971.3164111,13134.4821343,179228.5974213
Esquina,Empedrado,4122.7988759,452307.1893021,5189.5280649,461619.5162428
Esquina,Esquina,4122.7988759,0.0000000,5189.5280649,461619.5162428
Esquina,Alvear,4122.7988759,0.0000000,5189.5280649,461619.5162428
Esquina,Caa Cati,4122.7988759,483363.7030419,6265.1766681,493751.6785859
Esquina,Goya,4122.7988759,407304.4183507,1494.5167008,412921.7339273
Esquina,Itati,4122.7988759,530336.8255737,4826.3952866,539286.0197362
Esquina,Ituzaingo,4122.7988759,530336.8255737,4826.3952866,539286.0197362
Esquina,Lavalle,4122.7988759,390134.5878953,9643.6855100,403901.0722811
Esquina,Mburucuya,4122.7988759,409184.5209843,3276.0963088,416583.4161690
Esquina,Mercedes,4122.7988759,251077.7988629,4359.9544151,259560.5521539
Esquina,Monte Caseros,4122.7988759,221670.9765269,9357.5312068,235151.3066095
Esquina,Paso de los Libres,4122.7988759,221670.9765269,9357.5312068,235151.3066095
Esquina,Saladas,4122.7988759,369208.2577221,9751.5790731,383082.6356710
Esquina,San Cosme,4122.7988759,500178.3622975,5927.5364229,510228.6975962
Esquina,San Luis del Palmar,4122.7988759,474848.5273783,10274.9393743,489246.2656284
Esquina,La Cruz,4122.7988759,474848.5273783,10274.9393743,489246.2656284
Esquina,San Miguel,4122.7988759,496661.8046925,11536.2405531,512320.8441214
Esquina,San Roque,4122.7988759,289098.7999847,1050.3210138,294271.9198743
Esquina,Santo Tome,4122.7988759,289098.7999847,1050.3210138,294271.9198743
Esquina,Sauce,4122.7988759,94089.5752313,3541.5156726,101753.8897798
Alvear,Corrientes,4122.7988759,94089.5752313,3541.5156726,101753.8897798
Alvear,Bella Vista,4122.7988759,94089.5752313,3541.5156726,101753.8897798
Alvear,Beron de Astrada,4122.7988759,94089.5752313,3541.5156726,101753.8897798
Alvear,Concepcion,4122.7988759,94089.5752313,3541.5156726,101753.8897798
Alvear,Curuzu Cuatia,4122.7988759,94089.5752313,3541.5156726,101753.8897798
Alvear,Empedrado,4122.7988759,94089.5752313,3541.5156726,101753.8897798
Alvear,Esquina,4122.7988759,94089.5752313,3541.5156726,101753.8897798
Alvear,Alvear,4122.7988759,0.0000000,3541.5156726,101753.8897798
Alvear,Caa Cati,4122.7988759,0.0000000,3541.5156726,101753.8897798
Alvear,Goya,4122.7988759,0.0000000,3541.5156726,101753.8897798
Alvear,Itati,4122.7988759,0.0000000,3541.5156726,101753.8897798
Alvear,Ituzaingo,15720.1825448,172623.2992256,24557.9510498,212901.4328203
Alvear,Lavalle,15720.1825448,172623.2992256,24557.9510498,212901.4328203
Alvear,Mburucuya,15720.1825448,172623.2992256,24557.9510498,212901.4328203
Alvear,Mercedes,15720.1825448,172623.2992256,24557.9510498,212901.4328203
Alvear,Monte Caseros,15720.1825448,172623.2992256,24557.9510498,212901.4328203
Alvear,Paso de los Libres,15720.1825448,94525.3538498,1398.6220608,111644.1584554
Alvear,Saladas,15720.1825448,94525.3538498,1398.6220608,111644.1584554
Alvear,San Cosme,15720.1825448,94525.3538498,1398.6220608,111644.1584554
Alvear,San Luis del Palmar,15720.1825448,94525.3538498,1398.6220608,111644.1584554
Alvear,La Cruz,15720.1825448,30657.1067016,10757.3035760,57134.5928225
Alvear,San Miguel,15720.1825448,30657.1067016,10757.3035760,57134.5928225
Alvear,San Roque,15720.1825448,30657.1067016,10757.3035760,57134.5928225
Alvear,Santo Tome,15720.1825448,215894.7636892,5968.9673074,237583.9135415
Alvear,Sauce,15720.1825448,215894.7636892,5968.9673074,237583.9135415
Caa Cati,Corrientes,6265.1766681,140547.3427731,3607.4880025,150420.0074436
Caa Cati,Bella Vista,6265.1766681,181685.0369423,8490.0211710,196440.2347814
Caa Cati,Beron de Astrada,6265.1766681,37080.1309938,6694.4310392,50039.7387011
Caa Cati,Concepcion,6265.1766681,112239.6859071,9553.1054012,128057.9679763
Caa Cati,Curuzu Cuatia,6265.1766681,394599.9507368,13134.4821343,413999.6095392
Caa Cati,Empedrado,6265.1766681,140163.1924577,5189.5280649,151617.8971906
Caa Cati,Esquina,6265.1766681,483363.7030419,4122.7988759,493751.6785859
Caa Cati,Alvear,6265.1766681,483363.7030419,4122.7988759,493751.6785859
Caa Cati,Caa Cati,6265.1766681,0.0000000,4122.7988759,493751.6785859
Caa Cati,Goya,6265.1766681,253784.8320363,1494.5167008,261544.5254051
Caa Cati,Itati,6265.1766681,155823.8933120,4826.3952866,166915.4652666
Caa Cati,Ituzaingo,6265.1766681,155823.8933120,4826.3952866,166915.4652666
Caa Cati,Lavalle,6265.1766681,236615.0015809,9643.6855100,252523.8637590
Caa Cati,Mburucuya,6265.1766681,74179.1820577,3276.0963088,83720.4550345
Caa Cati,Mercedes,6265.1766681,351863.8148807,4359.9544151,362488.9459639
Caa Cati,Monte Caseros,6265.1766681,443786.9224233,9357.5312068,459409.6302982
Caa Cati,Paso de los Libres,6265.1766681,443786.9224233,9357.5312068,459409.6302982
Caa Cati,Saladas,6265.1766681,114155.4453199,9751.5790731,130172.2010610
Caa Cati,San Cosme,6265.1766681,125665.4300357,5927.5364229,137858.1431267
Caa Cati,San Luis del Palmar,6265.1766681,93186.1779403,10274.9393743,109726.2939826
Caa Cati,La Cruz,6265.1766681,93186.1779403,10274.9393743,109726.2939826
Caa Cati,San Miguel,6265.1766681,13298.1016505,11536.2405531,31099.5188717
Caa Cati,San Roque,6265.1766681,194264.9030573,1050.3210138,201580.4007391
Caa Cati,Santo Tome,6265.1766681,194264.9030573,1050.3210138,201580.4007391
Caa Cati,Sauce,6265.1766681,389274.1278106,3541.5156726,399080.8201513
Goya,Corrientes,1494.5167008,256420.8661194,3607.4880025,261522.8708226
Goya,Bella Vista,1494.5167008,72099.7950940,8490.0211710,82084.3329658
Goya,Beron de Astrada,1494.5167008,290864.9630301,6694.4310392,299053.9107701
Goya,Concepcion,1494.5167008,224071.2868218,9553.1054012,235118.9089237
Goya,Curuzu Cuatia,1494.5167008,318540.6660456,13134.4821343,333169.6648806
Goya,Empedrado,1494.5167008,222728.3182964,5189.5280649,229412.3630621
Goya,Esquina,1494.5167008,407304.4183507,4122.7988759,412921.7339273
Goya,Alvear,1494.5167008,407304.4183507,4122.7988759,412921.7339273
Goya,Caa Cati,1494.5167008,253784.8320363,6265.1766681,261544.5254051
Goya,Goya,1494.5167008,0.0000000,6265.1766681,261544.5254051
Goya,Itati,1494.5167008,300757.9545681,4826.3952866,307078.8665554
Goya,Ituzaingo,1494.5167008,300757.9545681,4826.3952866,307078.8665554
Goya,Lavalle,1494.5167008,17169.8304554,9643.6855100,28308.0326662
Goya,Mburucuya,1494.5167008,179605.6499786,3276.0963088,184376.2629882
Goya,Mercedes,1494.5167008,275804.5301894,4359.9544151,281659.0013053
Goya,Monte Caseros,1494.5167008,367727.6377321,9357.5312068,378579.6856397
Goya,Paso de los Libres,1494.5167008,367727.6377321,9357.5312068,378579.6856397
Goya,Saladas,1494.5167008,139629.3867164,9751.5790731,150875.4824903
Goya,San Cosme,1494.5167008,270599.4912918,5927.5364229,278021.5444155
Goya,San Luis del Palmar,1494.5167008,245269.6563727,10274.9393743,257039.1124477
Goya,La Cruz,1494.5167008,245269.6563727,10274.9393743,257039.1124477
Goya,San Miguel,1494.5167008,267082.9336868,11536.2405531,280113.6909407
Goya,San Roque,1494.5167008,118205.6183660,1050.3210138,120750.4560805
Goya,Santo Tome,1494.5167008,118205.6183660,1050.3210138,120750.4560805
Goya,Sauce,1494.5167008,313214.8431194,3541.5156726,318250.8754927
Itati,Corrientes,4826.3952866,82785.8176768,3607.4880025,91219.7009659
Itati,Bella Vista,4826.3952866,228658.1594741,8490.0211710,241974.5759317
Itati,Beron de Astrada,4826.3952866,192904.0243058,6694.4310392,204424.8506316
Itati,Concepcion,4826.3952866,175308.3041222,9553.1054012,189687.8048099
Itati,Curuzu Cuatia,4826.3952866,441573.0732686,13134.4821343,459533.9506895
Itati,Empedrado,4826.3952866,120094.8949294,5189.5280649,130110.8182808
Itati,Esquina,4826.3952866,530336.8255737,4122.7988759,539286.0197362
Itati,Alvear,4826.3952866,530336.8255737,4122.7988759,539286.0197362
Itati,Caa Cati,4826.3952866,155823.8933120,6265.1766681,166915.4652666
Itati,Goya,4826.3952866,300757.9545681,1494.5167008,307078.8665554
Itati,Itati,4826.3952866,0.0000000,1494.5167008,307078.8665554
Itati,Ituzaingo,4826.3952866,0.0000000,1494.5167008,307078.8665554
Itati,Lavalle,4826.3952866,283588.1241127,9643.6855100,298058.2049092
Itati,Mburucuya,4826.3952866,136494.6652325,3276.0963088,144597.1568278
Itati,Mercedes,4826.3952866,398836.9374125,4359.9544151,408023.2871142
Itati,Monte Caseros,4826.3952866,490760.0449551,9357.5312068,504943.9714485
Itati,Paso de los Libres,4826.3952866,490760.0449551,9357.5312068,504943.9714485
Itati,Saladas,4826.3952866,161128.5678516,9751.5790731,175706.5422113
Itati,San Cosme,4826.3952866,30158.4632763,5927.5364229,40912.3949857
Itati,San Luis del Palmar,4826.3952866,62637.7153716,10274.9393743,77739.0500325
Itati,La Cruz,4826.3952866,62637.7153716,10274.9393743,77739.0500325
Itati,San Miguel,4826.3952866,169121.9949625,11536.2405531,185484.6308021
Itati,San Roque,4826.3952866,241238.0255891,1050.3210138,247114.7418894
Itati,Santo Tome,4826.3952866,241238.0255891,1050.3210138,247114.7418894
Itati,Sauce,4826.3952866,436247.2503424,3541.5156726,444615.1613016
Ituzaingo,Corrientes,4826.3952866,436247.2503424,3541.5156726,444615.1613016
Ituzaingo,Bella Vista,4826.3952866,436247.2503424,3541.5156726,444615.1613016
Ituzaingo,Beron de Astrada,4826.3952866,436247.2503424,3541.5156726,444615.1613016
Ituzaingo,Concepcion,4826.3952866,436247.2503424,3541.5156726,444615.1613016
Ituzaingo,Curuzu Cuatia,4826.3952866,436247.2503424,3541.5156726,444615.1613016
Ituzaingo,Empedrado,4826.3952866,436247.2503424,3541.5156726,444615.1613016
Ituzaingo,Esquina,4826.3952866,436247.2503424,3541.5156726,444615.1613016
Ituzaingo,Alvear,24557.9510498,172623.2992256,15720.1825448,212901.4328203
Ituzaingo,Caa Cati,24557.9510498,172623.2992256,15720.1825448,212901.4328203
Ituzaingo,Goya,24557.9510498,172623.2992256,15720.1825448,212901.4328203
Ituzaingo,Itati,24557.9510498,172623.2992256,15720.1825448,212901.4328203
Ituzaingo,Ituzaingo,24557.9510498,0.0000000,15720.1825448,212901.4328203
Ituzaingo,Lavalle,24557.9510498,0.0000000,15720.1825448,212901.4328203
Ituzaingo,Mburucuya,24557.9510498,0.0000000,15720.1825448,212901.4328203
Ituzaingo,Mercedes,24557.9510498,0.0000000,15720.1825448,212901.4328203
Ituzaingo,Monte Caseros,24557.9510498,0.0000000,15720.1825448,212901.4328203
Ituzaingo,Paso de los Libres,24557.9510498,267148.6530754,1398.6220608,293105.2261860
Ituzaingo,Saladas,24557.9510498,267148.6530754,1398.6220608,293105.2261860
Ituzaingo,San Cosme,24557.9510498,267148.6530754,1398.6220608,293105.2261860
Ituzaingo,San Luis del Palmar,24557.9510498,267148.6530754,1398.6220608,293105.2261860
Ituzaingo,La Cruz,24557.9510498,203280.4059273,10757.3035760,238595.6605531
Ituzaingo,San Miguel,24557.9510498,203280.4059273,10757.3035760,238595.6605531
Ituzaingo,San Roque,24557.9510498,203280.4059273,10757.3035760,238595.6605531
Ituzaingo,Santo Tome,24557.9510498,139923.6681744,5968.9673074,170450.5865317
Ituzaingo,Sauce,24557.9510498,139923.6681744,5968.9673074,170450.5865317
Lavalle,Corrientes,9643.6855100,239251.0356640,3607.4880025,252502.2091764
Lavalle,Bella Vista,9643.6855100,54929.9646386,8490.0211710,73063.6713196
Lavalle,Beron de Astrada,9643.6855100,273695.1325747,6694.4310392,290033.2491239
Lavalle,Concepcion,9643.6855100,206901.4563663,9553.1054012,226098.2472775
Lavalle,Curuzu Cuatia,9643.6855100,301370.8355901,13134.4821343,324149.0032344
Lavalle,Empedrado,9643.6855100,205558.4878410,5189.5280649,220391.7014159
Lavalle,Esquina,9643.6855100,390134.5878953,4122.7988759,403901.0722811
Lavalle,Alvear,9643.6855100,390134.5878953,4122.7988759,403901.0722811
Lavalle,Caa Cati,9643.6855100,236615.0015809,6265.1766681,252523.8637590
Lavalle,Goya,9643.6855100,17169.8304554,1494.5167008,28308.0326662
Lavalle,Itati,9643.6855100,283588.1241127,4826.3952866,298058.2049092
Lavalle,Ituzaingo,9643.6855100,283588.1241127,4826.3952866,298058.2049092
Lavalle,Lavalle,9643.6855100,0.0000000,4826.3952866,298058.2049092
Lavalle,Mburucuya,9643.6855100,162435.8195232,3276.0963088,175355.6013421
Lavalle,Mercedes,9643.6855100,258634.6997340,4359.9544151,272638.3396591
Lavalle,Monte Caseros,9643.6855100,350557.8072767,9357.5312068,369559.0239935
Lavalle,Paso de los Libres,9643.6855100,350557.8072767,9357.5312068,369559.0239935
Lavalle,Saladas,9643.6855100,122459.5562610,9751.5790731,141854.8208441
Lavalle,San Cosme,9643.6855100,253429.6608364,5927.5364229,269000.8827693
Lavalle,San Luis del Palmar,9643.6855100,228099.8259173,10274.9393743,248018.4508015
Lavalle,La Cruz,9643.6855100,228099.8259173,10274.9393743,248018.4508015
Lavalle,San Miguel,9643.6855100,249913.1032314,11536.2405531,271093.0292945
Lavalle,San Roque,9643.6855100,101035.7879106,1050.3210138,111729.7944344
Lavalle,Santo Tome,9643.6855100,101035.7879106,1050.3210138,111729.7944344
Lavalle,Sauce,9643.6855100,296045.0126639,3541.5156726,309230.2138465
Mburucuya,Corrientes,3276.0963088,92157.5767838,3607.4880025,99041.1610950
Mburucuya,Bella Vista,3276.0963088,107505.8548847,8490.0211710,119271.9723645
Mburucuya,Beron de Astrada,3276.0963088,111259.3130515,6694.4310392,121229.8403995
Mburucuya,Concepcion,3276.0963088,44465.6368431,9553.1054012,57294.8385531
Mburucuya,Curuzu Cuatia,3276.0963088,320420.7686792,13134.4821343,336831.3471223
Mburucuya,Empedrado,3276.0963088,65984.0104000,5189.5280649,74449.6347737
Mburucuya,Esquina,3276.0963088,409184.5209843,4122.7988759,416583.4161690
Mburucuya,Alvear,3276.0963088,409184.5209843,4122.7988759,416583.4161690
Mburucuya,Caa Cati,3276.0963088,74179.1820577,6265.1766681,83720.4550345
Mburucuya,Goya,3276.0963088,179605.6499786,1494.5167008,184376.2629882
Mburucuya,Itati,3276.0963088,136494.6652325,4826.3952866,144597.1568278
Mburucuya,Ituzaingo,3276.0963088,136494.6652325,4826.3952866,144597.1568278
Mburucuya,Lavalle,3276.0963088,162435.8195232,9643.6855100,175355.6013421
Mburucuya,Mburucuya,3276.0963088,0.0000000,9643.6855100,175355.6013421
Mburucuya,Mercedes,3276.0963088,277684.6328230,4359.9544151,285320.6835470
Mburucuya,Monte Caseros,3276.0963088,369607.7403657,9357.5312068,382241.3678813
Mburucuya,Paso de los Libres,3276.0963088,369607.7403657,9357.5312068,382241.3678813
Mburucuya,Saladas,3276.0963088,39976.2632622,9751.5790731,53003.9386441
Mburucuya,San Cosme,3276.0963088,106336.2019562,5927.5364229,115539.8346879
Mburucuya,San Luis del Palmar,3276.0963088,74610.0849011,10274.9393743,88161.1205842
Mburucuya,La Cruz,3276.0963088,74610.0849011,10274.9393743,88161.1205842
Mburucuya,San Miguel,3276.0963088,87477.2837082,11536.2405531,102289.6205701
Mburucuya,San Roque,3276.0963088,120085.7209996,1050.3210138,124412.1383222
Mburucuya,Santo Tome,3276.0963088,120085.7209996,1050.3210138,124412.1383222
Mburucuya,Sauce,3276.0963088,315094.9457530,3541.5156726,321912.5577344
Mercedes,Corrientes,4359.9544151,354499.8489638,3607.4880025,362467.2913814
Mercedes,Bella Vista,4359.9544151,203704.7350954,8490.0211710,216554.7106816
Mercedes,Beron de Astrada,4359.9544151,388943.9458745,6694.4310392,399998.3313288
Mercedes,Concepcion,4359.9544151,322150.2696661,9553.1054012,336063.3294825
Mercedes,Curuzu Cuatia,4359.9544151,162314.0465578,13134.4821343,179808.4831072
Mercedes,Empedrado,4359.9544151,320807.3011408,5189.5280649,330356.7836208
Mercedes,Esquina,4359.9544151,251077.7988629,4122.7988759,259560.5521539
Mercedes,Alvear,4359.9544151,251077.7988629,4122.7988759,259560.5521539
Mercedes,Caa Cati,4359.9544151,351863.8148807,6265.1766681,362488.9459639
Mercedes,Goya,4359.9544151,275804.5301894,1494.5167008,281659.0013053
Mercedes,Itati,4359.9544151,398836.9374125,4826.3952866,408023.2871142
Mercedes,Ituzaingo,4359.9544151,398836.9374125,4826.3952866,408023.2871142
Mercedes,Lavalle,4359.9544151,258634.6997340,9643.6855100,272638.3396591
Mercedes,Mburucuya,4359.9544151,277684.6328230,3276.0963088,285320.6835470
Mercedes,Mercedes,4359.9544151,0.0000000,3276.0963088,285320.6835470
Mercedes,Monte Caseros,4359.9544151,211501.0182443,9357.5312068,225218.5038663
Mercedes,Paso de los Libres,4359.9544151,211501.0182443,9357.5312068,225218.5038663
Mercedes,Saladas,4359.9544151,237708.3695608,9751.5790731,251819.9030490
Mercedes,San Cosme,4359.9544151,368678.4741362,5927.5364229,378965.9649742
Mercedes,San Luis del Palmar,4359.9544151,343348.6392170,10274.9393743,357983.5330064
Mercedes,La Cruz,4359.9544151,343348.6392170,10274.9393743,357983.5330064
Mercedes,San Miguel,4359.9544151,365161.9165312,11536.2405531,381058.1114994
Mercedes,San Roque,4359.9544151,157598.9118234,1050.3210138,163009.1872523
Mercedes,Santo Tome,4359.9544151,157598.9118234,1050.3210138,163009.1872523
Mercedes,Sauce,4359.9544151,156988.2236316,3541.5156726,164889.6937193
Monte Caseros,Corrientes,9357.5312068,446422.9565064,3607.4880025,459387.9757157
Monte Caseros,Bella Vista,9357.5312068,295627.8426381,8490.0211710,313475.3950159
Monte Caseros,Beron de Astrada,9357.5312068,480867.0534172,6694.4310392,496919.0156632
Monte Caseros,Concepcion,9357.5312068,414073.3772088,9553.1054012,432984.0138168
Monte Caseros,Curuzu Cuatia,9357.5312068,59699.6601158,13134.4821343,82191.6734568
Monte Caseros,Empedrado,9357.5312068,412730.4086835,5189.5280649,427277.4679552
Monte Caseros,Esquina,9357.5312068,221670.9765269,4122.7988759,235151.3066095
Monte Caseros,Alvear,9357.5312068,221670.9765269,4122.7988759,235151.3066095
Monte Caseros,Caa Cati,9357.5312068,443786.9224233,6265.1766681,459409.6302982
Monte Caseros,Goya,9357.5312068,367727.6377321,1494.5167008,378579.6856397
Monte Caseros,Itati,9357.5312068,490760.0449551,4826.3952866,504943.9714485
Monte Caseros,Ituzaingo,9357.5312068,490760.0449551,4826.3952866,504943.9714485
Monte Caseros,Lavalle,9357.5312068,350557.8072767,9643.6855100,369559.0239935
Monte Caseros,Mburucuya,9357.5312068,369607.7403657,3276.0963088,382241.3678813
Monte Caseros,Mercedes,9357.5312068,211501.0182443,4359.9544151,225218.5038663
Monte Caseros,Monte Caseros,9357.5312068,0.0000000,4359.9544151,225218.5038663
Monte Caseros,Paso de los Libres,9357.5312068,0.0000000,4359.9544151,225218.5038663
Monte Caseros,Saladas,9357.5312068,329631.4771035,9751.5790731,348740.5873834
Monte Caseros,San Cosme,9357.5312068,460601.5816788,5927.5364229,475886.6493086
Monte Caseros,San Luis del Palmar,9357.5312068,435271.7467597,10274.9393743,454904.2173408
Monte Caseros,La Cruz,9357.5312068,435271.7467597,10274.9393743,454904.2173408
Monte Caseros,San Miguel,9357.5312068,457085.0240739,11536.2405531,477978.7958338
Monte Caseros,San Roque,9357.5312068,249522.0193661,1050.3210138,259929.8715866
Monte Caseros,Santo Tome,9357.5312068,249522.0193661,1050.3210138,259929.8715866
Monte Caseros,Sauce,9357.5312068,127581.4012955,3541.5156726,140480.4481749
Paso de los Libres,Corrientes,9357.5312068,127581.4012955,3541.5156726,140480.4481749
Paso de los Libres,Bella Vista,9357.5312068,127581.4012955,3541.5156726,140480.4481749
Paso de los Libres,Beron de Astrada,9357.5312068,127581.4012955,3541.5156726,140480.4481749
Paso de los Libres,Concepcion,9357.5312068,127581.4012955,3541.5156726,140480.4481749
Paso de los Libres,Curuzu Cuatia,9357.5312068,127581.4012955,3541.5156726,140480.4481749
Paso de los Libres,Empedrado,9357.5312068,127581.4012955,3541.5156726,140480.4481749
Paso de los Libres,Esquina,9357.5312068,127581.4012955,3541.5156726,140480.4481749
Paso de los Libres,Alvear,1398.6220608,94525.3538498,15720.1825448,111644.1584554
Paso de los Libres,Caa Cati,1398.6220608,94525.3538498,15720.1825448,111644.1584554
Paso de los Libres,Goya,1398.6220608,94525.3538498,15720.1825448,111644.1584554
Paso de los Libres,Itati,1398.6220608,94525.3538498,15720.1825448,111644.1584554
Paso de los Libres,Ituzaingo,1398.6220608,267148.6530754,24557.9510498,293105.2261860
Paso de los Libres,Lavalle,1398.6220608,267148.6530754,24557.9510498,293105.2261860
Paso de los Libres,Mburucuya,1398.6220608,267148.6530754,24557.9510498,293105.2261860
Paso de los Libres,Mercedes,1398.6220608,267148.6530754,24557.9510498,293105.2261860
Paso de los Libres,Monte Caseros,1398.6220608,267148.6530754,24557.9510498,293105.2261860
Paso de los Libres,Paso de los Libres,1398.6220608,0.0000000,24557.9510498,293105.2261860
Paso de los Libres,Saladas,1398.6220608,0.0000000,24557.9510498,293105.2261860
Paso de los Libres,San Cosme,1398.6220608,0.0000000,24557.9510498,293105.2261860
Paso de los Libres,San Luis del Palmar,1398.6220608,0.0000000,24557.9510498,293105.2261860
Paso de los Libres,La Cruz,1398.6220608,63868.2471481,10757.3035760,76024.1727849
Paso de los Libres,San Miguel,1398.6220608,63868.2471481,10757.3035760,76024.1727849
Paso de los Libres,San Roque,1398.6220608,63868.2471481,10757.3035760,76024.1727849
Paso de los Libres,Santo Tome,1398.6220608,310420.1175390,5968.9673074,317787.7069072
Paso de los Libres,Sauce,1398.6220608,310420.1175390,5968.9673074,317787.7069072
Saladas,Corrientes,9751.5790731,116791.4794029,3607.4880025,130150.5464785
Saladas,Bella Vista,9751.5790731,67529.5916225,8490.0211710,85771.1918666
Saladas,Beron de Astrada,9751.5790731,151235.5763137,6694.4310392,167681.5864259
Saladas,Concepcion,9751.5790731,84441.9001053,9553.1054012,103746.5845796
Saladas,Curuzu Cuatia,9751.5790731,280444.5054170,13134.4821343,303330.5666243
Saladas,Empedrado,9751.5790731,83098.9315800,5189.5280649,98040.0387179
Saladas,Esquina,9751.5790731,369208.2577221,4122.7988759,383082.6356710
Saladas,Alvear,9751.5790731,369208.2577221,4122.7988759,383082.6356710
Saladas,Caa Cati,9751.5790731,114155.4453199,6265.1766681,130172.2010610
Saladas,Goya,9751.5790731,139629.3867164,1494.5167008,150875.4824903
Saladas,Itati,9751.5790731,161128.5678516,4826.3952866,175706.5422113
Saladas,Ituzaingo,9751.5790731,161128.5678516,4826.3952866,175706.5422113
Saladas,Lavalle,9751.5790731,122459.5562610,9643.6855100,141854.8208441
Saladas,Mburucuya,9751.5790731,39976.2632622,3276.0963088,53003.9386441
Saladas,Mercedes,9751.5790731,237708.3695608,4359.9544151,251819.9030490
Saladas,Monte Caseros,9751.5790731,329631.4771035,9357.5312068,348740.5873834
Saladas,Paso de los Libres,9751.5790731,329631.4771035,9357.5312068,348740.5873834
Saladas,Saladas,9751.5790731,0.0000000,9357.5312068,348740.5873834
Saladas,San Cosme,9751.5790731,130970.1045754,5927.5364229,146649.2200713
Saladas,San Luis del Palmar,9751.5790731,105640.2696562,10274.9393743,125666.7881036
Saladas,La Cruz,9751.5790731,105640.2696562,10274.9393743,125666.7881036
Saladas,San Miguel,9751.5790731,127453.5469704,11536.2405531,148741.3665965
Saladas,San Roque,9751.5790731,80109.4577374,1050.3210138,90911.3578243
Saladas,Santo Tome,9751.5790731,80109.4577374,1050.3210138,90911.3578243
Saladas,Sauce,9751.5790731,275118.6824908,3541.5156726,288411.7772364
San Cosme,Corrientes,5927.5364229,52627.3544006,3607.4880025,62162.3788259
San Cosme,Bella Vista,5927.5364229,198499.6961978,8490.0211710,212917.2537917
San Cosme,Beron de Astrada,5927.5364229,162745.5610295,6694.4310392,175367.5284916
San Cosme,Concepcion,5927.5364229,145149.8408459,9553.1054012,160630.4826700
San Cosme,Curuzu Cuatia,5927.5364229,411414.6099923,13134.4821343,430476.6285495
San Cosme,Empedrado,5927.5364229,89936.4316531,5189.5280649,101053.4961408
San Cosme,Esquina,5927.5364229,500178.3622975,4122.7988759,510228.6975962
San Cosme,Alvear,5927.5364229,500178.3622975,4122.7988759,510228.6975962
San Cosme,Caa Cati,5927.5364229,125665.4300357,6265.1766681,137858.1431267
San Cosme,Goya,5927.5364229,270599.4912918,1494.5167008,278021.5444155
San Cosme,Itati,5927.5364229,30158.4632763,4826.3952866,40912.3949857
San Cosme,Ituzaingo,5927.5364229,30158.4632763,4826.3952866,40912.3949857
San Cosme,Lavalle,5927.5364229,253429.6608364,9643.6855100,269000.8827693
San Cosme,Mburucuya,5927.5364229,106336.2019562,3276.0963088,115539.8346879
San Cosme,Mercedes,5927.5364229,368678.4741362,4359.9544151,378965.9649742
San Cosme,Monte Caseros,5927.5364229,460601.5816788,9357.5312068,475886.6493086
San Cosme,Paso de los Libres,5927.5364229,460601.5816788,9357.5312068,475886.6493086
San Cosme,Saladas,5927.5364229,130970.1045754,9751.5790731,146649.2200713
San Cosme,San Cosme,5927.5364229,0.0000000,9751.5790731,146649.2200713
San Cosme,San Luis del Palmar,5927.5364229,32479.2520954,10274.9393743,48681.7278925
San Cosme,La Cruz,5927.5364229,32479.2520954,10274.9393743,48681.7278925
San Cosme,San Miguel,5927.5364229,138963.5316862,11536.2405531,156427.3086622
San Cosme,San Roque,5927.5364229,211079.5623128,1050.3210138,218057.4197494
San Cosme,Santo Tome,5927.5364229,211079.5623128,1050.3210138,218057.4197494
San Cosme,Sauce,5927.5364229,406088.7870661,3541.5156726,415557.8391616
San Luis del Palmar,Corrientes,10274.9393743,47361.1648327,3607.4880025,61243.5922095
San Luis del Palmar,Bella Vista,10274.9393743,173169.8612787,8490.0211710,191934.8218240
San Luis del Palmar,Beron de Astrada,10274.9393743,130266.3089342,6694.4310392,147235.6793476
San Luis del Palmar,Concepcion,10274.9393743,112670.5887505,9553.1054012,132498.6335260
San Luis del Palmar,Curuzu Cuatia,10274.9393743,386084.7750732,13134.4821343,409494.1965817
San Luis del Palmar,Empedrado,10274.9393743,64606.5967339,5189.5280649,80071.0641731
San Luis del Palmar,Esquina,10274.9393743,474848.5273783,4122.7988759,489246.2656284
San Luis del Palmar,Alvear,10274.9393743,474848.5273783,4122.7988759,489246.2656284
San Luis del Palmar,Caa Cati,10274.9393743,93186.1779403,6265.1766681,109726.2939826
San Luis del Palmar,Goya,10274.9393743,245269.6563727,1494.5167008,257039.1124477
San Luis del Palmar,Itati,10274.9393743,62637.7153716,4826.3952866,77739.0500325
San Luis del Palmar,Ituzaingo,10274.9393743,62637.7153716,4826.3952866,77739.0500325
San Luis del Palmar,Lavalle,10274.9393743,228099.8259173,9643.6855100,248018.4508015
San Luis del Palmar,Mburucuya,10274.9393743,74610.0849011,3276.0963088,88161.1205842
San Luis del Palmar,Mercedes,10274.9393743,343348.6392170,4359.9544151,357983.5330064
San Luis del Palmar,Monte Caseros,10274.9393743,435271.7467597,9357.5312068,454904.2173408
San Luis del Palmar,Paso de los Libres,10274.9393743,435271.7467597,9357.5312068,454904.2173408
San Luis del Palmar,Saladas,10274.9393743,105640.2696562,9751.5790731,125666.7881036
San Luis del Palmar,San Cosme,10274.9393743,32479.2520954,5927.5364229,48681.7278925
San Luis del Palmar,San Luis del Palmar,10274.9393743,0.0000000,5927.5364229,48681.7278925
San Luis del Palmar,La Cruz,10274.9393743,0.0000000,5927.5364229,48681.7278925
San Luis del Palmar,San Miguel,10274.9393743,106484.2795909,11536.2405531,128295.4595182
San Luis del Palmar,San Roque,10274.9393743,185749.7273936,1050.3210138,197074.9877816
San Luis del Palmar,Santo Tome,10274.9393743,185749.7273936,1050.3210138,197074.9877816
San Luis del Palmar,Sauce,10274.9393743,380758.9521470,3541.5156726,394575.4071938
La Cruz,Corrientes,10274.9393743,380758.9521470,3541.5156726,394575.4071938
La Cruz,Bella Vista,10274.9393743,380758.9521470,3541.5156726,394575.4071938
La Cruz,Beron de Astrada,10274.9393743,380758.9521470,3541.5156726,394575.4071938
La Cruz,Concepcion,10274.9393743,380758.9521470,3541.5156726,394575.4071938
La Cruz,Curuzu Cuatia,10274.9393743,380758.9521470,3541.5156726,394575.4071938
La Cruz,Empedrado,10274.9393743,380758.9521470,3541.5156726,394575.4071938
La Cruz,Esquina,10274.9393743,380758.9521470,3541.5156726,394575.4071938
La Cruz,Alvear,10757.3035760,30657.1067016,15720.1825448,57134.5928225
La Cruz,Caa Cati,10757.3035760,30657.1067016,15720.1825448,57134.5928225
La Cruz,Goya,10757.3035760,30657.1067016,15720.1825448,57134.5928225
La Cruz,Itati,10757.3035760,30657.1067016,15720.1825448,57134.5928225
La Cruz,Ituzaingo,10757.3035760,203280.4059273,24557.9510498,238595.6605531
La Cruz,Lavalle,10757.3035760,203280.4059273,24557.9510498,238595.6605531
La Cruz,Mburucuya,10757.3035760,203280.4059273,24557.9510498,238595.6605531
La Cruz,Mercedes,10757.3035760,203280.4059273,24557.9510498,238595.6605531
La Cruz,Monte Caseros,10757.3035760,203280.4059273,24557.9510498,238595.6605531
La Cruz,Paso de los Libres,10757.3035760,63868.2471481,1398.6220608,76024.1727849
La Cruz,Saladas,10757.3035760,63868.2471481,1398.6220608,76024.1727849
La Cruz,San Cosme,10757.3035760,63868.2471481,1398.6220608,76024.1727849
La Cruz,San Luis del Palmar,10757.3035760,63868.2471481,1398.6220608,76024.1727849
La Cruz,La Cruz,10757.3035760,0.0000000,1398.6220608,76024.1727849
La Cruz,San Miguel,10757.3035760,0.0000000,1398.6220608,76024.1727849
La Cruz,San Roque,10757.3035760,0.0000000,1398.6220608,76024.1727849
La Cruz,Santo Tome,10757.3035760,246551.8703908,5968.9673074,263278.1412743
La Cruz,Sauce,10757.3035760,246551.8703908,5968.9673074,263278.1412743
San Miguel,Corrientes,11536.2405531,153845.4444236,3607.4880025,168989.1729791
San Miguel,Bella Vista,11536.2405531,194983.1385929,8490.0211710,215009.4003169
San Miguel,Beron de Astrada,11536.2405531,50378.2326444,6694.4310392,68608.9042366
San Miguel,Concepcion,11536.2405531,125537.7875576,9553.1054012,146627.1335119
San Miguel,Curuzu Cuatia,11536.2405531,407898.0523874,13134.4821343,432568.7750747
San Miguel,Empedrado,11536.2405531,153461.2941082,5189.5280649,170187.0627261
San Miguel,Esquina,11536.2405531,496661.8046925,4122.7988759,512320.8441214
San Miguel,Alvear,11536.2405531,496661.8046925,4122.7988759,512320.8441214
San Miguel,Caa Cati,11536.2405531,13298.1016505,6265.1766681,31099.5188717
San Miguel,Goya,11536.2405531,267082.9336868,1494.5167008,280113.6909407
San Miguel,Itati,11536.2405531,169121.9949625,4826.3952866,185484.6308021
San Miguel,Ituzaingo,11536.2405531,169121.9949625,4826.3952866,185484.6308021
San Miguel,Lavalle,11536.2405531,249913.1032314,9643.6855100,271093.0292945
San Miguel,Mburucuya,11536.2405531,87477.2837082,3276.0963088,102289.6205701
San Miguel,Mercedes,11536.2405531,365161.9165312,4359.9544151,381058.1114994
San Miguel,Monte Caseros,11536.2405531,457085.0240739,9357.5312068,477978.7958338
San Miguel,Paso de los Libres,11536.2405531,457085.0240739,9357.5312068,477978.7958338
San Miguel,Saladas,11536.2405531,127453.5469704,9751.5790731,148741.3665965
San Miguel,San Cosme,11536.2405531,138963.5316862,5927.5364229,156427.3086622
San Miguel,San Luis del Palmar,11536.2405531,106484.2795909,10274.9393743,128295.4595182
San Miguel,La Cruz,11536.2405531,106484.2795909,10274.9393743,128295.4595182
San Miguel,San Miguel,11536.2405531,0.0000000,10274.9393743,128295.4595182
San Miguel,San Roque,11536.2405531,207563.0047078,1050.3210138,220149.5662746
San Miguel,Santo Tome,11536.2405531,207563.0047078,1050.3210138,220149.5662746
San Miguel,Sauce,11536.2405531,402572.2294612,3541.5156726,417649.9856868
San Roque,Corrientes,1050.3210138,196900.9371404,3607.4880025,201558.7461566
San Roque,Bella Vista,1050.3210138,46105.8232720,8490.0211710,55646.1654568
San Roque,Beron de Astrada,1050.3210138,231345.0340511,6694.4310392,239089.7861040
San Roque,Concepcion,1050.3210138,164551.3578427,9553.1054012,175154.7842577
San Roque,Curuzu Cuatia,1050.3210138,200335.0476796,13134.4821343,214519.8508276
San Roque,Empedrado,1050.3210138,163208.3893174,5189.5280649,169448.2383960
San Roque,Esquina,1050.3210138,289098.7999847,4122.7988759,294271.9198743
San Roque,Alvear,1050.3210138,289098.7999847,4122.7988759,294271.9198743
San Roque,Caa Cati,1050.3210138,194264.9030573,6265.1766681,201580.4007391
San Roque,Goya,1050.3210138,118205.6183660,1494.5167008,120750.4560805
San Roque,Itati,1050.3210138,241238.0255891,4826.3952866,247114.7418894
San Roque,Ituzaingo,1050.3210138,241238.0255891,4826.3952866,247114.7418894
San Roque,Lavalle,1050.3210138,101035.7879106,9643.6855100,111729.7944344
San Roque,Mburucuya,1050.3210138,120085.7209996,3276.0963088,124412.1383222
San Roque,Mercedes,1050.3210138,157598.9118234,4359.9544151,163009.1872523
San Roque,Monte Caseros,1050.3210138,249522.0193661,9357.5312068,259929.8715866
San Roque,Paso de los Libres,1050.3210138,249522.0193661,9357.5312068,259929.8715866
San Roque,Saladas,1050.3210138,80109.4577374,9751.5790731,90911.3578243
San Roque,San Cosme,1050.3210138,211079.5623128,5927.5364229,218057.4197494
San Roque,San Luis del Palmar,1050.3210138,185749.7273936,10274.9393743,197074.9877816
San Roque,La Cruz,1050.3210138,185749.7273936,10274.9393743,197074.9877816
San Roque,San Miguel,1050.3210138,207563.0047078,11536.2405531,220149.5662746
San Roque,San Roque,1050.3210138,0.0000000,11536.2405531,220149.5662746
San Roque,Santo Tome,1050.3210138,0.0000000,11536.2405531,220149.5662746
San Roque,Sauce,1050.3210138,195009.2247534,3541.5156726,199601.0614397
Santo Tome,Corrientes,1050.3210138,195009.2247534,3541.5156726,199601.0614397
Santo Tome,Bella Vista,1050.3210138,195009.2247534,3541.5156726,199601.0614397
Santo Tome,Beron de Astrada,1050.3210138,195009.2247534,3541.5156726,199601.0614397
Santo Tome,Concepcion,1050.3210138,195009.2247534,3541.5156726,199601.0614397
Santo Tome,Curuzu Cuatia,1050.3210138,195009.2247534,3541.5156726,199601.0614397
Santo Tome,Empedrado,1050.3210138,195009.2247534,3541.5156726,199601.0614397
Santo Tome,Esquina,1050.3210138,195009.2247534,3541.5156726,199601.0614397
Santo Tome,Alvear,5968.9673074,215894.7636892,15720.1825448,237583.9135415
Santo Tome,Caa Cati,5968.9673074,215894.7636892,15720.1825448,237583.9135415
Santo Tome,Goya,5968.9673074,215894.7636892,15720.1825448,237583.9135415
Santo Tome,Itati,5968.9673074,215894.7636892,15720.1825448,237583.9135415
Santo Tome,Ituzaingo,5968.9673074,139923.6681744,24557.9510498,170450.5865317
Santo Tome,Lavalle,5968.9673074,139923.6681744,24557.9510498,170450.5865317
Santo Tome,Mburucuya,5968.9673074,139923.6681744,24557.9510498,170450.5865317
Santo Tome,Mercedes,5968.9673074,139923.6681744,24557.9510498,170450.5865317
Santo Tome,Monte Caseros,5968.9673074,139923.6681744,24557.9510498,170450.5865317
Santo Tome,Paso de los Libres,5968.9673074,310420.1175390,1398.6220608,317787.7069072
Santo Tome,Saladas,5968.9673074,310420.1175390,1398.6220608,317787.7069072
Santo Tome,San Cosme,5968.9673074,310420.1175390,1398.6220608,317787.7069072
Santo Tome,San Luis del Palmar,5968.9673074,310420.1175390,1398.6220608,317787.7069072
Santo Tome,La Cruz,5968.9673074,246551.8703908,10757.3035760,263278.1412743
Santo Tome,San Miguel,5968.9673074,246551.8703908,10757.3035760,263278.1412743
Santo Tome,San Roque,5968.9673074,246551.8703908,10757.3035760,263278.1412743
Santo Tome,Santo Tome,5968.9673074,0.0000000,10757.3035760,263278.1412743
Santo Tome,Sauce,5968.9673074,0.0000000,10757.3035760,263278.1412743
Sauce,Corrientes,3541.5156726,391910.1618937,3607.4880025,399059.1655688
Sauce,Bella Vista,3541.5156726,241115.0480254,8490.0211710,253146.5848690
Sauce,Beron de Astrada,3541.5156726,426354.2588045,6694.4310392,436590.2055162
Sauce,Concepcion,3541.5156726,359560.5825961,9553.1054012,372655.2036699
Sauce,Curuzu Cuatia,3541.5156726,67881.7411798,13134.4821343,84557.7389866
Sauce,Empedrado,3541.5156726,358217.6140708,5189.5280649,366948.6578082
Sauce,Esquina,3541.5156726,94089.5752313,4122.7988759,101753.8897798
Sauce,Alvear,3541.5156726,94089.5752313,4122.7988759,101753.8897798
Sauce,Caa Cati,3541.5156726,389274.1278106,6265.1766681,399080.8201513
Sauce,Goya,3541.5156726,313214.8431194,1494.5167008,318250.8754927
Sauce,Itati,3541.5156726,436247.2503424,4826.3952866,444615.1613016
Sauce,Ituzaingo,3541.5156726,436247.2503424,4826.3952866,444615.1613016
Sauce,Lavalle,3541.5156726,296045.0126639,9643.6855100,309230.2138465
Sauce,Mburucuya,3541.5156726,315094.9457530,3276.0963088,321912.5577344
Sauce,Mercedes,3541.5156726,156988.2236316,4359.9544151,164889.6937193
Sauce,Monte Caseros,3541.5156726,127581.4012955,9357.5312068,140480.4481749
Sauce,Paso de los Libres,3541.5156726,127581.4012955,9357.5312068,140480.4481749
Sauce,Saladas,3541.5156726,275118.6824908,9751.5790731,288411.7772364
Sauce,San Cosme,3541.5156726,406088.7870661,5927.5364229,415557.8391616
Sauce,San Luis del Palmar,3541.5156726,380758.9521470,10274.9393743,394575.4071938
Sauce,La Cruz,3541.5156726,380758.9521470,10274.9393743,394575.4071938
Sauce,San Miguel,3541.5156726,402572.2294612,11536.2405531,417649.9856868
Sauce,San Roque,3541.5156726,195009.2247534,1050.3210138,199601.0614397
Sauce,Santo Tome,3541.5156726,195009.2247534,1050.3210138,199601.0614397
Sauce,Sauce,3541.5156726,0.0000000,1050.3210138,199601.0614397
